{
    "a": [
        13,
        0
    ],
    "ad": [
        345,
        0
    ],
    "wer": [
        456,
        0
    ],
    "nagendra": [
        892,
        0
    ],
    "swathi": [
        697,
        0
    ],
    "codon": [
        43,
        1609424063.584968
    ],
    "asdf": [
        342,
        1609424194.424348
    ]
}